-8.874746844122466882e+01,-9.871321939539531343e+01,-9.533283337456133211e+01,-9.620261034379109333e+01,-9.215480019508082421e+01
-8.460320590439150124e+01,-9.703600115567319051e+01,-9.352157218363934987e+01,-9.648405223163076982e+01,-9.433728933969607056e+01
-8.457488556917709843e+01,-9.692467208495023101e+01,-9.358874291705029691e+01,-9.557038850295535326e+01,-9.225182677313492263e+01
-8.496206610559379158e+01,-9.767352595198883591e+01,-9.483272118955834173e+01,-9.564050377850422535e+01,-9.271407408421994489e+01
-8.290118779203508836e+01,-9.767926236931265294e+01,-9.027501705792094810e+01,-9.578253909279852962e+01,-8.998308775579231167e+01
-8.326829805591100353e+01,-9.602066694429083782e+01,-9.175365361256400831e+01,-9.711289564628181381e+01,-8.917399365691365176e+01
-8.301267963399276084e+01,-9.635307439186172473e+01,-9.037639712634761224e+01,-9.594211036357673095e+01,-8.854041847959615552e+01
-8.280733751243234053e+01,-9.693159560313317513e+01,-8.927090519248783096e+01,-9.494161554505643608e+01,-8.762251479609084015e+01
-8.449862160908284636e+01,-9.650353416957565855e+01,-8.915186486443309377e+01,-9.447074709091019429e+01,-8.758367948597489772e+01
-8.361304682808982136e+01,-9.596953176893039483e+01,-8.587006848367205691e+01,-9.558996975802800478e+01,-8.859823285905162038e+01
-8.655274928087936814e+01,-9.572828184350805714e+01,-8.609452986016890463e+01,-9.562819560073531022e+01,-8.687426267737670571e+01
-8.772301653431988200e+01,-9.502722422066884178e+01,-8.619629206534992250e+01,-9.310949855853384349e+01,-8.749936099351712926e+01
-8.760440490714938733e+01,-9.433997435714988455e+01,-8.578602879442550488e+01,-9.760616510503378151e+01,-8.693919081813763228e+01
-8.901261354576865870e+01,-9.408103491963787235e+01,-8.425246284364831695e+01,-9.667506165430688725e+01,-8.643250052789082361e+01
-8.804327016406166706e+01,-9.464375392928756980e+01,-8.381159286702562383e+01,-9.607180653107346302e+01,-8.821936982330944943e+01
-9.001936223009681726e+01,-9.340392135718713007e+01,-8.559426775428023859e+01,-9.744576239897601511e+01,-9.016494033012726561e+01
-9.169947370284133115e+01,-9.417269716456462447e+01,-8.355153504969473488e+01,-9.700231361529220919e+01,-8.876872154938160975e+01
-9.261719326609134839e+01,-9.329821190031070444e+01,-8.493567435997336190e+01,-9.789906881599159760e+01,-8.778193844648428978e+01
-9.372441834677064776e+01,-9.398325387843895840e+01,-8.708535529024389632e+01,-9.664042251177480125e+01,-8.999767709849683683e+01
-9.396876156313248885e+01,-9.506620525927576182e+01,-8.756565270429035763e+01,-9.989563734539053996e+01,-9.117778049953106745e+01
-8.789988347546405123e+01,-9.904411709843417100e+01,-9.456884274625610942e+01,-9.551907571875206315e+01,-9.460037330245971532e+01
-8.681663193389043442e+01,-9.979357854206803324e+01,-9.301184056202215800e+01,-9.512277738051439258e+01,-9.245166891982216839e+01
-8.462775557265329951e+01,-9.952341778711370068e+01,-9.400382916359320973e+01,-9.489351173167197828e+01,-9.250704694960717234e+01
-8.207694841086799897e+01,-9.769063775105136926e+01,-9.099891931100306408e+01,-9.504336108775886771e+01,-8.964972689168472186e+01
-8.364144766126734964e+01,-9.576397602439659806e+01,-9.069803845775196294e+01,-9.367267148931570375e+01,-8.962425553292614211e+01
-8.165226952458324661e+01,-9.709592088654834185e+01,-9.017712163973618544e+01,-9.439155608470322534e+01,-8.818670142382370614e+01
-8.048650712784566963e+01,-9.672954974097591219e+01,-8.809668139878444038e+01,-9.445818789300059848e+01,-8.641268908628613588e+01
-8.115731313560202409e+01,-9.422126412388193728e+01,-8.864439715534297193e+01,-9.465867988221364726e+01,-8.813989253293453885e+01
-8.085638087524024797e+01,-9.317877898512210777e+01,-8.598866557960612056e+01,-9.441578843758807693e+01,-8.656828000694157765e+01
-8.350099587109509969e+01,-9.508577307905815701e+01,-8.314455105808066548e+01,-9.374042680275439920e+01,-8.535689587687451763e+01
-8.474069012992389105e+01,-9.493534618254015811e+01,-8.448118693262028955e+01,-9.276441557964206197e+01,-8.617736593856322713e+01
-8.431394763253466351e+01,-9.464690030419862410e+01,-8.411829752268506866e+01,-9.306858829224762530e+01,-8.459149285890418923e+01
-8.626587163801279701e+01,-9.523272462913416803e+01,-8.260895531095772526e+01,-9.442687687556940546e+01,-8.553508984079755351e+01
-8.750171017638741944e+01,-9.252900997214189260e+01,-8.181292011299071021e+01,-9.655867576748129011e+01,-8.541130169548087281e+01
-8.889888498053073818e+01,-9.225920560677249682e+01,-8.024550865294766311e+01,-9.671978208070903804e+01,-8.609336526998441741e+01
-8.852092263151669727e+01,-9.283627189142647751e+01,-7.853422406763210972e+01,-9.484128080947661488e+01,-8.603280189289857560e+01
-9.192258429868282121e+01,-9.405918050351483828e+01,-8.283090586782955711e+01,-9.555441978840116235e+01,-8.621729434980193219e+01
-9.233584721122602446e+01,-9.566360798687242095e+01,-8.232039531126028464e+01,-9.586296336199872314e+01,-8.654257814437620766e+01
-9.160994443544471721e+01,-9.264146053881330545e+01,-8.578492334504353778e+01,-9.604461463830941170e+01,-8.919379189020808951e+01
-9.476676530765459461e+01,-9.349258040036227158e+01,-8.499928957531929541e+01,-9.666812451500641146e+01,-9.163531798856732280e+01
-8.519029740900914760e+01,-9.609345678686722181e+01,-9.306411974706183798e+01,-9.330496709114719067e+01,-9.333666580956902692e+01
-8.382434606034672697e+01,-9.839261700470218841e+01,-9.293917673196096985e+01,-9.605024219261019880e+01,-9.147206772309651512e+01
-8.378799137836442412e+01,-9.784164878025788425e+01,-9.283360600586556188e+01,-9.480103106546684444e+01,-8.828373592750284615e+01
-7.945402093592619508e+01,-9.543255706151926177e+01,-9.155447252052086071e+01,-9.431724343333726779e+01,-8.848434034608435184e+01
-7.993984401854173427e+01,-9.634181317152837210e+01,-9.038360602255686160e+01,-9.176808158604990240e+01,-8.826544456746759693e+01
-7.905798415975766602e+01,-9.590725704446111877e+01,-9.009113735697407321e+01,-9.403869831256336909e+01,-8.837358505697102373e+01
-7.951579942232329756e+01,-9.246338389877701047e+01,-8.919375784030668797e+01,-9.185167408231603758e+01,-8.834811947176045521e+01
-7.904833945082897628e+01,-9.437921078129429020e+01,-8.765977126853964307e+01,-9.343568847935769384e+01,-8.619619615919231137e+01
-7.972494525644329144e+01,-9.394562917208391184e+01,-8.538680422022147809e+01,-9.256155929543496086e+01,-8.454187980967932958e+01
-8.177218648793069633e+01,-9.290248275961222646e+01,-8.435699098966340159e+01,-9.272048179668661305e+01,-8.145202568249642638e+01
-8.214323838587917237e+01,-9.315359537697291614e+01,-8.344377743512404777e+01,-9.376661684979704603e+01,-8.476489823828973158e+01
-8.313938771240141534e+01,-9.298797452350073911e+01,-8.044182845614938060e+01,-9.560663866108563980e+01,-8.203635026479474845e+01
-8.555954398992957977e+01,-9.301161870928039832e+01,-7.914430164306472193e+01,-9.495753411663635291e+01,-8.323710514122871018e+01
-8.685903613537570322e+01,-9.116486440129764901e+01,-7.823737073098655515e+01,-9.629952997135434600e+01,-8.390748231699600979e+01
-8.866665921674314177e+01,-9.163197258164511538e+01,-7.777531786929199598e+01,-9.332641295009689486e+01,-8.432911943406065802e+01
-9.036700165025347076e+01,-9.125399004151154259e+01,-7.943112841914987143e+01,-9.585419855985431070e+01,-8.643203434902702043e+01
-9.117244897163682538e+01,-9.178296954273727692e+01,-8.034300416354945185e+01,-9.546234042601709291e+01,-8.673532242848445151e+01
-9.071544207639004753e+01,-9.288679024513081117e+01,-7.959660955412583405e+01,-9.584150154659839416e+01,-8.759761081906567881e+01
-9.148630990494963555e+01,-9.243883512251628076e+01,-8.423856213402682158e+01,-9.650885797820843948e+01,-8.852620653425262276e+01
-9.196520255075441241e+01,-9.152822121520333098e+01,-8.461321609129440446e+01,-9.684742141536816007e+01,-8.872026855079884911e+01
-8.501049322777357986e+01,-9.783664708618343298e+01,-9.545635509739325641e+01,-9.340466009246847534e+01,-8.972575218836560396e+01
-8.474910271132362993e+01,-9.857966191205325401e+01,-9.376562201025423349e+01,-9.290535344064251433e+01,-9.162361548142384038e+01
-8.136106515891117397e+01,-9.415675704654260869e+01,-9.211048704894224670e+01,-9.330364958282682153e+01,-9.063495891771265178e+01
-7.910179657098734651e+01,-9.614471548781396848e+01,-9.144844257118889175e+01,-9.283309161099893458e+01,-8.833983513463337545e+01
-7.659742611721172523e+01,-9.488616302936185321e+01,-9.065618713567394593e+01,-9.405241991134768398e+01,-8.751445925333517550e+01
-7.423549783003599600e+01,-9.675484864296537069e+01,-8.654179916547722939e+01,-9.064860372107845876e+01,-8.676377392640786468e+01
-7.562503439730106436e+01,-9.337653305651936364e+01,-8.719814583648475548e+01,-9.199619945057027337e+01,-8.616808541884373085e+01
-7.570575490616725745e+01,-9.526134740711441395e+01,-8.565558638942658831e+01,-9.288459284270291505e+01,-8.490868587228227682e+01
-7.881484974256922271e+01,-9.353531849708740253e+01,-8.511121789232143442e+01,-9.277481121830646771e+01,-8.325333366982859218e+01
-7.977380399658628107e+01,-9.316751532008265713e+01,-8.262236359601357094e+01,-9.130282664473783427e+01,-8.220546643652922114e+01
-8.147266898802975277e+01,-9.088197434536908759e+01,-8.184535012145114763e+01,-9.341080375044518291e+01,-8.191053552743470334e+01
-8.396735782366427259e+01,-9.227522445316607502e+01,-7.903735510569556766e+01,-9.216432670162068064e+01,-8.231791422496338839e+01
-8.511877874698554081e+01,-8.998622182558466420e+01,-7.785918015094246414e+01,-9.315271277427936525e+01,-8.229639529127990727e+01
-8.609325204855041136e+01,-9.111869600586524598e+01,-7.643703615422641917e+01,-9.445939339004705460e+01,-8.094461769851677957e+01
-8.692946682645893475e+01,-9.076904793742193078e+01,-7.434619244521030623e+01,-9.389748726263735534e+01,-8.423577978778871511e+01
-8.991803053225604003e+01,-9.126893080856869744e+01,-7.253843203260352368e+01,-9.279685273395557488e+01,-8.501023383105643916e+01
-8.977738906278823094e+01,-9.091775990989088996e+01,-7.763226880864932866e+01,-9.304031000044756183e+01,-8.710794592344703346e+01
-9.174924208081863242e+01,-9.117398216878163453e+01,-8.170095222925024814e+01,-9.687803457328379864e+01,-8.608312667046419620e+01
-9.136942138070297403e+01,-9.206966818421575738e+01,-7.865164671521587536e+01,-9.613294076682107914e+01,-8.887826383324531321e+01
-9.290690111400400042e+01,-9.155836335259043324e+01,-8.517059403297352560e+01,-9.579444852300608204e+01,-8.839846971804425380e+01
-8.407426597871577201e+01,-9.578483364706950454e+01,-9.355913227256006337e+01,-9.291727768072183835e+01,-8.933942498428692147e+01
-8.190413980882686928e+01,-9.630936335297424478e+01,-9.300375786141782442e+01,-9.204297926158093901e+01,-9.109658528061069660e+01
-7.838530122387656718e+01,-9.576945008927238234e+01,-9.075985481987918035e+01,-9.464601486733279501e+01,-8.931766811339257117e+01
-7.862932626786185608e+01,-9.502980417608024766e+01,-8.918766580677858258e+01,-9.239566721064518617e+01,-8.916906655286477701e+01
-7.587466866513807418e+01,-9.476411265108498583e+01,-8.905207045808343480e+01,-9.078337713856600999e+01,-8.703810159872723773e+01
-7.249134233904104008e+01,-9.434524432384093018e+01,-9.076097525738776994e+01,-9.160073103403328787e+01,-8.427798405362830181e+01
-7.113835852858267117e+01,-9.448184983882107701e+01,-8.842882913518556620e+01,-9.143333172410625309e+01,-8.563088552417069366e+01
-7.341750105477690624e+01,-9.159513683472849266e+01,-8.524080235128957383e+01,-9.017888916706338875e+01,-8.395791979579809095e+01
-7.359742481890272359e+01,-9.189662092174300767e+01,-8.347366283344706517e+01,-8.975359770629044931e+01,-8.036955380959889794e+01
-7.673205255283193083e+01,-9.036044834070055742e+01,-8.069798036410115571e+01,-8.933249846580554276e+01,-7.853419475203749300e+01
-8.026943413082773304e+01,-9.121481654027169839e+01,-7.788507538921793127e+01,-9.212793552967470134e+01,-7.888115808406858775e+01
-8.123387329149723257e+01,-8.953739699432004784e+01,-7.814546501611712870e+01,-9.211085779532113804e+01,-7.892407680667641046e+01
-8.359591600061254724e+01,-8.983285659072853946e+01,-7.333796044951034787e+01,-9.337863829376000524e+01,-7.727081053478922001e+01
-8.566022301712897047e+01,-8.862478680534722741e+01,-7.133782296733943440e+01,-9.219583248674084075e+01,-7.867169651837838273e+01
-8.657074504107666257e+01,-9.143679232747143715e+01,-6.967122824719734808e+01,-9.204655666297408345e+01,-8.167101545460920420e+01
-9.082267594240872199e+01,-8.926852358997692249e+01,-7.353448378791577511e+01,-9.364484825087262720e+01,-8.177996513991517702e+01
-8.973719416731574938e+01,-9.186985669876214899e+01,-7.439701799968929663e+01,-9.476952534337542033e+01,-8.453548041147358560e+01
-9.126627445649853598e+01,-9.009500049461851745e+01,-7.713437638597727641e+01,-9.479158438920642027e+01,-8.479588038889821178e+01
-9.235837450664675430e+01,-9.228749444540649449e+01,-7.950484826498761493e+01,-9.492474351643276975e+01,-8.689422518840643761e+01
-9.372714240076595615e+01,-9.041842477956565460e+01,-8.171682534573224643e+01,-9.742865859267278950e+01,-8.896128917596834640e+01
-8.364630441938798810e+01,-9.782629610257444597e+01,-9.323023784531251579e+01,-9.331789935421488735e+01,-9.068355583508474638e+01
-8.070369157837576779e+01,-9.635650212622795152e+01,-9.295929880893191921e+01,-9.251047255592253293e+01,-9.011094839460903927e+01
-8.001620730363089251e+01,-9.475071400938453792e+01,-9.228037852976868294e+01,-9.181107541470757383e+01,-8.936585006009403287e+01
-7.590529420832847052e+01,-9.586743153579126897e+01,-9.018435233831459641e+01,-8.887559664865520404e+01,-8.802598797663559083e+01
-7.202218241682879807e+01,-9.349303057350628876e+01,-8.957577859987205215e+01,-8.997626796778807545e+01,-8.659488126116914941e+01
-6.864933509415868684e+01,-9.119489314089153709e+01,-8.800807185073927030e+01,-9.078686093646795996e+01,-8.537411363276071086e+01
-6.499709192638079003e+01,-9.140413189213906264e+01,-8.729925595103813407e+01,-9.030473322224631261e+01,-8.239796042214021554e+01
-6.799822668068365772e+01,-9.032560984408210913e+01,-8.623820594981359022e+01,-8.911640727549239216e+01,-8.096068544189172655e+01
-7.098028161899991062e+01,-9.118874924304338947e+01,-8.406395819226844424e+01,-8.939696256885476089e+01,-7.864066907018107599e+01
-7.509475440343859987e+01,-8.996024036760731235e+01,-8.317095917983640163e+01,-8.907156271091811561e+01,-7.817683045612372439e+01
-8.059211231158313637e+01,-8.917931258426592933e+01,-7.875622757274673802e+01,-8.783125544095096870e+01,-7.658131772691822903e+01
-8.166427566941122507e+01,-8.915390313869397687e+01,-7.605501329758486406e+01,-9.023556957436376535e+01,-7.448369721692149881e+01
-8.272835652609569479e+01,-8.777509233206413342e+01,-7.022819699086119272e+01,-8.952522335008912080e+01,-7.630278429440028276e+01
-8.544312742789388437e+01,-8.795908705492985291e+01,-6.728557260718569921e+01,-9.217535158487119418e+01,-7.579671344521514698e+01
-8.732145061730612667e+01,-8.891880147646419630e+01,-6.309149750659813805e+01,-9.283211968475409037e+01,-7.821541560781903968e+01
-8.865238749904166582e+01,-8.798212458510252532e+01,-6.860667645724164743e+01,-9.267941145122941293e+01,-8.164347806303700850e+01
-8.938090978176290946e+01,-8.796428333689537737e+01,-7.064354485141795692e+01,-9.356983502628752092e+01,-8.323034459709015209e+01
-9.270760021950053442e+01,-8.983486976938010571e+01,-7.621202319714001305e+01,-9.428524238162212612e+01,-8.655935034432881992e+01
-9.161359578651267555e+01,-8.981469826689308888e+01,-8.074078724304585819e+01,-9.374906610961721753e+01,-8.526357895456411029e+01
-9.256005893942470664e+01,-8.863602440818341677e+01,-8.136591375273340532e+01,-9.508124670892107133e+01,-8.885306961006999416e+01
-8.331103284973909240e+01,-9.584157282556971325e+01,-9.435860379074175341e+01,-9.127900229077825145e+01,-9.179280852840261673e+01
-8.167917860214677717e+01,-9.637746437792090148e+01,-9.276126669787235812e+01,-9.063872666709376347e+01,-8.896840658867247953e+01
-7.845361570862526435e+01,-9.539404019298014248e+01,-9.176076973725393771e+01,-8.898713201576290999e+01,-8.792346907566791003e+01
-7.603779299255715785e+01,-9.504403654892533382e+01,-9.212409969671118404e+01,-9.108541406313008792e+01,-8.825074298917063231e+01
-7.200907108379234955e+01,-9.375889689335414801e+01,-8.990103684626718916e+01,-8.709856519084027582e+01,-8.499354504593242154e+01
-6.687068888034235670e+01,-9.190307493971937447e+01,-8.873657627030763706e+01,-8.918424322652232661e+01,-8.436613965274581517e+01
-5.145047239290812513e+01,-9.267913129095695979e+01,-8.766744841897822482e+01,-8.712232034154747851e+01,-7.890302632732947075e+01
-6.494937706540711986e+01,-9.248060236641873644e+01,-8.380285728618932239e+01,-8.753698028974503131e+01,-8.067777736380641329e+01
-7.148427353401176276e+01,-9.116738127948026715e+01,-8.320459390393712340e+01,-8.891596749483677797e+01,-7.799612341673316962e+01
-7.562203855686594522e+01,-9.026851391663102220e+01,-7.995296446685979674e+01,-8.912265893120215310e+01,-7.734660139134506096e+01
-7.874410115448735326e+01,-8.832469956998139082e+01,-7.701953521822680671e+01,-9.054815069235145586e+01,-7.218197704877536580e+01
-8.054025384616862482e+01,-8.826710115853029492e+01,-7.671060131300451701e+01,-8.918071527893631867e+01,-7.054486566685761773e+01
-8.193781409857641052e+01,-8.743403902613844991e+01,-6.937197534158568146e+01,-9.051494705886923953e+01,-7.146919237705782280e+01
-8.764830200602487764e+01,-8.804544171831385313e+01,-6.376919660038696946e+01,-8.976200908971047454e+01,-7.508921106172677185e+01
-8.759653829954469018e+01,-8.661645000469168565e+01,-5.047362658193084428e+01,-9.090877843841698791e+01,-7.573826758287012240e+01
-8.642753127213578068e+01,-8.687219896086878634e+01,-6.429306827205888908e+01,-9.248839000886326289e+01,-8.105741008512956114e+01
-8.994294292059416307e+01,-8.867651096256190613e+01,-6.999054306898091227e+01,-9.229989499707814105e+01,-8.105445066995875436e+01
-9.129986152757949469e+01,-8.604183348391478603e+01,-7.595124150185324652e+01,-9.432893728414106249e+01,-8.535860785957336816e+01
-9.326381261491428631e+01,-8.815880248594905311e+01,-7.843854539006024140e+01,-9.284736495856294880e+01,-8.586712354980427619e+01
-9.185730531338823823e+01,-8.860452351773585633e+01,-8.221993187746279830e+01,-9.534266003202522199e+01,-8.681835724361232565e+01
-8.400758685056403863e+01,-9.736704077320419515e+01,-9.311650781100483698e+01,-9.089849434138191953e+01,-9.026397165966251634e+01
-8.222300558687247474e+01,-9.396658354344216946e+01,-9.233900181319394562e+01,-8.937435226105800723e+01,-8.924144861236433712e+01
-8.029882740016316234e+01,-9.433495145424095085e+01,-9.170719647176211708e+01,-8.960193006352254486e+01,-8.738270003321468948e+01
-7.636609597826870299e+01,-9.563427788731229384e+01,-9.043566698942490234e+01,-8.767202630366776361e+01,-8.741261806272466117e+01
-7.210756404715539247e+01,-9.291426455723721745e+01,-8.865592150266095928e+01,-8.596008519899939415e+01,-8.494058889428079340e+01
-6.779616950121705088e+01,-9.372894319203291502e+01,-8.849217193789233704e+01,-8.671704107999222799e+01,-8.397076480720406266e+01
-6.377297048080286856e+01,-9.224094546231002312e+01,-8.580269185339415117e+01,-8.700614764383431066e+01,-8.112626194008552716e+01
-6.761260858748397595e+01,-9.093570055965606969e+01,-8.288577105412370827e+01,-8.503943977305625879e+01,-8.075092897487358812e+01
-7.140312178927888453e+01,-8.996290095123914909e+01,-8.489121042423590779e+01,-8.763857379435474115e+01,-7.628006215207314256e+01
-7.626524755082280649e+01,-9.036882203734735697e+01,-8.022664210407830865e+01,-8.652598273680510488e+01,-7.261370409545725124e+01
-7.951482997446434808e+01,-8.805987758308052094e+01,-7.959622883362307277e+01,-8.733816227574654079e+01,-6.884960317584827294e+01
-8.187403631825159778e+01,-8.650961015667533616e+01,-7.750752811946438214e+01,-8.777997385894160232e+01,-6.500873263387104828e+01
-8.399902908762589959e+01,-8.727535781090521994e+01,-7.288852602526306157e+01,-9.117685754533795262e+01,-6.705400778049003918e+01
-8.618003689017864133e+01,-8.655608949074307645e+01,-6.793748201720006819e+01,-9.024877750482964700e+01,-7.127730418050632011e+01
-8.627915697631213732e+01,-8.479856040474470547e+01,-6.527564454664033633e+01,-8.910968484877164997e+01,-7.445541450979608555e+01
-8.905755941340746062e+01,-8.504827065888778748e+01,-6.620780563428664323e+01,-9.143961674344343749e+01,-7.851305939336995721e+01
-9.099096516625506581e+01,-8.527774549810330029e+01,-7.139596736224967799e+01,-9.374807194295462409e+01,-8.188045128120806737e+01
-9.040463829445215538e+01,-8.501355874837774707e+01,-7.636610958818171468e+01,-9.414042828890725900e+01,-8.561841933740252841e+01
-9.050986581929257113e+01,-8.494439174683380145e+01,-7.883411796001301752e+01,-9.168634458758702976e+01,-8.398382595027477748e+01
-9.280232311249460508e+01,-8.810046848077256243e+01,-8.143423351205635186e+01,-9.403697227151616289e+01,-8.548937838247010745e+01
-8.260906258899487398e+01,-9.635333092074276351e+01,-9.382548156230264169e+01,-9.036787803329819724e+01,-9.122684671914853993e+01
-8.268856600085237574e+01,-9.503228831436628354e+01,-9.081847329243882427e+01,-8.723453295837245491e+01,-9.043920811879425514e+01
-8.026464167379516823e+01,-9.343605000473218070e+01,-9.164325204782143430e+01,-8.638887947432037606e+01,-8.831218259127273029e+01
-7.844366250031019661e+01,-9.354112680374785782e+01,-8.979097743646694596e+01,-8.711260459523001032e+01,-8.712433409999697176e+01
-7.501478029377909706e+01,-9.196028870490501106e+01,-8.979807904630261817e+01,-8.850414304683884836e+01,-8.614765242142071600e+01
-7.221935405273870856e+01,-9.063330154554034834e+01,-9.025324675990918877e+01,-8.670000889212757045e+01,-8.297330659060497737e+01
-6.988401946876891202e+01,-9.029588094039435475e+01,-8.649336411033749528e+01,-8.687184569458146655e+01,-8.139980299534467179e+01
-7.331097535600127912e+01,-9.085039485905610945e+01,-8.380980244604148766e+01,-8.617763749664688078e+01,-7.843393015679947666e+01
-7.423109340683735979e+01,-8.731847426285295910e+01,-8.273252031530699924e+01,-8.468305178559187141e+01,-7.438798669237763761e+01
-7.738816785920280950e+01,-8.986355819922663102e+01,-8.233305306764928844e+01,-8.533928597441870068e+01,-7.136386861674634474e+01
-8.075728426795004111e+01,-8.675446859456901905e+01,-8.114201356133841614e+01,-8.572676669543477601e+01,-6.620821445921882287e+01
-7.955418251025525933e+01,-8.600764641021989121e+01,-7.892192352196683203e+01,-8.561546871388634372e+01,-4.999053789076657495e+01
-8.421930126276826911e+01,-8.424389896272853662e+01,-7.449038199968893537e+01,-8.791254392081934554e+01,-6.518569723462005072e+01
-8.651308252728459536e+01,-8.280622248668879593e+01,-6.990576987672031350e+01,-8.987503503541050520e+01,-7.168629281615439197e+01
-8.710877537696902095e+01,-8.460108756492780913e+01,-7.026774455551485232e+01,-8.811761479541310393e+01,-7.451460432373630738e+01
-8.728695819455569449e+01,-8.317805132564373594e+01,-7.103712103284244961e+01,-8.988956171038718423e+01,-7.729163885599197670e+01
-8.903457467064792752e+01,-8.294139274878659762e+01,-7.444905545932992652e+01,-9.177123911037035953e+01,-8.093296754238146207e+01
-8.916295764321385775e+01,-8.184177085317473654e+01,-7.611840603949110573e+01,-9.175859814989311758e+01,-8.415616228194024018e+01
-9.235439714085714513e+01,-8.492485450545001413e+01,-8.145865867909800784e+01,-9.391180327893141566e+01,-8.524216252837686625e+01
-9.362802166546366323e+01,-8.565458830201217211e+01,-8.153600165718043513e+01,-9.379104997192753501e+01,-8.732486216029556658e+01
-8.399805484458507010e+01,-9.479175946366673600e+01,-9.422760493522044101e+01,-9.002348970381845561e+01,-9.023050944522871930e+01
-8.468049177166550123e+01,-9.474015363783290411e+01,-9.316620385583068753e+01,-8.803873706347833661e+01,-9.006283019786613409e+01
-8.178182238657855407e+01,-9.448231290369412250e+01,-9.178585575890041071e+01,-8.759768656266545861e+01,-9.023624083917628980e+01
-7.923389668923867646e+01,-9.448259255118995270e+01,-9.028917992562753625e+01,-8.702957019328881927e+01,-8.730982123192542588e+01
-7.877412231811520371e+01,-9.123985245216104545e+01,-8.974958704245156582e+01,-8.469707322915232339e+01,-8.543062855052221494e+01
-7.697128291040419867e+01,-9.154369070910060202e+01,-9.016645980615183475e+01,-8.550353627167766035e+01,-8.260754422779881168e+01
-7.515719981702652319e+01,-9.125862317450932437e+01,-8.820452049864879029e+01,-8.354640896504621139e+01,-8.209687351393520771e+01
-7.457032171476599558e+01,-8.761023415461457375e+01,-8.648161219862694793e+01,-8.523605060004905454e+01,-7.978369467617905286e+01
-7.723904694155173445e+01,-8.712049931097263311e+01,-8.372610685284247722e+01,-8.481935360413693559e+01,-7.721197007097862297e+01
-7.892809968993704217e+01,-8.629661138066956028e+01,-8.101033238132755798e+01,-8.329471783979192878e+01,-7.280807960272220214e+01
-8.093897756712708258e+01,-8.694485173900656605e+01,-8.126799039585515061e+01,-8.600146479016417800e+01,-6.701354599863110195e+01
-8.335000668898392462e+01,-8.574243392979163048e+01,-7.751354610268897716e+01,-8.405520330012019770e+01,-6.387997948989339392e+01
-8.344287057402708285e+01,-8.036966879740057834e+01,-7.532317571203944340e+01,-8.771185188670546040e+01,-6.776838710416789979e+01
-8.794159596427854808e+01,-8.059899442306152650e+01,-7.731509972195398461e+01,-8.725576677267309833e+01,-7.241506533102581500e+01
-8.865040558857118924e+01,-8.093861116459157756e+01,-7.497036005440048712e+01,-8.820219489274232672e+01,-7.723495739916386071e+01
-8.739339322652639908e+01,-8.088555639639292849e+01,-7.521335073908514346e+01,-8.972824847220752531e+01,-7.801543233085548934e+01
-9.033177389738888508e+01,-8.034026928826716585e+01,-7.639776974029234680e+01,-8.800846349455088102e+01,-8.097289504067796884e+01
-9.145897843775108527e+01,-8.213630669575664456e+01,-7.911012375813187703e+01,-9.073442313010568228e+01,-8.463520174681053732e+01
-9.398261400290347467e+01,-8.267480660686108251e+01,-8.164682910222958867e+01,-9.517618193967774687e+01,-8.769610575382215245e+01
-9.448441985155729128e+01,-8.587318807731908521e+01,-8.526248244591097603e+01,-9.447106952970325722e+01,-8.665997473945436980e+01
-8.435929652266251821e+01,-9.506689365669582514e+01,-9.457311308567169306e+01,-8.826346720040811533e+01,-9.211041852713418621e+01
-8.401862958144948834e+01,-9.327984623311189694e+01,-9.567556138705134572e+01,-8.779262266480702692e+01,-9.056264044170055172e+01
-8.341322683249350689e+01,-9.353114579336336476e+01,-9.446166863273556658e+01,-8.442608012686838492e+01,-8.923363001077298406e+01
-8.157865764437181610e+01,-9.177338490987199293e+01,-9.218432209884838358e+01,-8.308017201459716716e+01,-8.609075272132425027e+01
-7.722305823079983611e+01,-9.206697540564979931e+01,-9.122467908266662562e+01,-8.337126021291533107e+01,-8.584821429718144259e+01
-7.917466872989336935e+01,-9.001054043964292362e+01,-8.843208912142894462e+01,-8.235935519675375360e+01,-8.387234526287198833e+01
-7.757124448727370236e+01,-8.848231852524017427e+01,-8.660051520735007102e+01,-8.108889594279204971e+01,-8.244621868366114370e+01
-7.819620561703136730e+01,-8.875286353975069176e+01,-8.550043036917979578e+01,-8.026483136132614504e+01,-8.067088777583222736e+01
-8.029902144612272252e+01,-8.649668337178924560e+01,-8.526132871826581550e+01,-8.143906201645802412e+01,-7.784501980851759129e+01
-8.210354047704197455e+01,-8.649130790457432738e+01,-8.467163736535253804e+01,-8.178746348380776965e+01,-7.445096711978183635e+01
-8.325490495075028718e+01,-8.304017709808961456e+01,-8.390766669352075269e+01,-8.271741802917345865e+01,-7.212529292593218599e+01
-8.559007703187117500e+01,-8.458297662685562557e+01,-8.243786425186794986e+01,-8.289151176955081723e+01,-7.069415140212967685e+01
-8.771826923805478771e+01,-8.088977673754770592e+01,-7.965301231778454394e+01,-8.484571246608288675e+01,-7.411836018404582660e+01
-8.897169594491390399e+01,-7.781349156505278586e+01,-7.964355513925750074e+01,-8.667165734645665509e+01,-7.433175008595169686e+01
-8.886401357963467262e+01,-7.829941428480388765e+01,-7.809953041719509770e+01,-8.961043050390600229e+01,-7.643748684645611036e+01
-9.038326210879904465e+01,-7.960415084958940213e+01,-7.821022885661963642e+01,-8.779561429795525385e+01,-7.983854093550556286e+01
-8.973395799402310047e+01,-7.915105590180870365e+01,-7.865604405640230823e+01,-9.018395801573819881e+01,-8.210615299727317051e+01
-9.113328085540382517e+01,-8.069855191303021513e+01,-8.078404515120726614e+01,-9.037938516680593182e+01,-8.464810553808155191e+01
-9.178452568970230629e+01,-8.187315609870319122e+01,-8.161736035061969119e+01,-9.300050316640380288e+01,-8.449115472769938151e+01
-9.346026061660121798e+01,-8.373816167151673540e+01,-8.300868099155988489e+01,-9.240563075754677413e+01,-8.870618407878596656e+01
-8.503208357494561653e+01,-9.520192852556918695e+01,-9.460800013938165876e+01,-8.588997870945019031e+01,-9.248458771349403662e+01
-8.495920476527072651e+01,-9.489845682697105644e+01,-9.226249216765965855e+01,-8.450690969499669336e+01,-8.997852282095610121e+01
-8.506376494069903060e+01,-9.301116098487632655e+01,-9.229352081833160071e+01,-8.460095894097780445e+01,-8.981926195305814531e+01
-8.446540212433480121e+01,-9.224092216379831655e+01,-9.172896275284999490e+01,-8.425709696975353324e+01,-8.854407273165128345e+01
-8.232024048347668099e+01,-9.174010215277527891e+01,-8.948215617254024323e+01,-7.966886683147565407e+01,-8.618262300973427159e+01
-8.191457342579138867e+01,-8.937587652450599762e+01,-9.035620668947191803e+01,-8.004949090675910384e+01,-8.586226845125824525e+01
-8.056195483192966833e+01,-8.855867039667407425e+01,-8.878355404749856916e+01,-7.766391172768517492e+01,-8.418659131924684402e+01
-8.231661469086689920e+01,-8.938228788289916338e+01,-8.682140145619412408e+01,-7.717680031933718965e+01,-8.061460917934044801e+01
-8.291007920364657480e+01,-8.573529269126316876e+01,-8.627563614354448873e+01,-7.840006397389373660e+01,-7.959239901104697879e+01
-8.356930601209771226e+01,-8.610967244010063837e+01,-8.673075870489681449e+01,-7.758502617706228932e+01,-7.671449163184431086e+01
-8.499969396442597258e+01,-8.309047850447622352e+01,-8.483156770696618310e+01,-8.193101442946115753e+01,-7.525781779861013376e+01
-8.683491267047516260e+01,-8.074670741116923978e+01,-8.361607275846060361e+01,-8.218367341732874820e+01,-7.536200464019199785e+01
-8.568388474597679760e+01,-7.948069779085349751e+01,-8.238750531119367793e+01,-8.553602626875488113e+01,-7.607603830517554400e+01
-8.557089047102275003e+01,-7.565371825992825450e+01,-8.188921599330492995e+01,-8.564087280534094759e+01,-7.694698224881543069e+01
-8.793514808398629157e+01,-7.632911170730812955e+01,-8.286433052421072887e+01,-8.592605495380030334e+01,-7.936858425859217903e+01
-8.992613071193930807e+01,-7.561826700272851554e+01,-8.133496911480769143e+01,-8.733629596070227308e+01,-8.045664883222941910e+01
-9.026321716363801784e+01,-7.597387489482150613e+01,-8.139902944223105408e+01,-8.911454649463254896e+01,-8.424265198921879971e+01
-9.200149547389392524e+01,-7.813563088414022673e+01,-8.321122824271743923e+01,-9.105543560651719304e+01,-8.576130578593193832e+01
-9.257969205803672708e+01,-7.886339095940348898e+01,-8.389013168066264825e+01,-9.306992894250345216e+01,-8.609571197990935332e+01
-9.200396559834783261e+01,-8.094556285953807162e+01,-8.444185183037865272e+01,-9.217414874960813620e+01,-8.727457711796246542e+01
-8.635020527144004632e+01,-9.571551349553074317e+01,-9.532003492607027795e+01,-8.463853270955544872e+01,-9.121203393225637512e+01
-8.598574524643863981e+01,-9.457852010224939932e+01,-9.451421975977180523e+01,-8.544777438790787016e+01,-8.811793507799447411e+01
-8.577561930098761422e+01,-9.198453404403807099e+01,-9.346102054933992065e+01,-8.436104825333420365e+01,-8.934327724687358341e+01
-8.406561897619884860e+01,-9.129972772349387355e+01,-9.139693190116915389e+01,-8.081206719782656478e+01,-8.857916338602001360e+01
-8.407631866901571982e+01,-9.269026791741838167e+01,-9.105986799940909293e+01,-7.755565246432213655e+01,-8.805678143743413955e+01
-8.441617209615718309e+01,-9.147925347941817620e+01,-9.081476457843886863e+01,-7.964327566701477679e+01,-8.367128913517318267e+01
-8.256142580701016698e+01,-8.882283483460965101e+01,-9.016151828529103796e+01,-7.560517547525164161e+01,-8.398573212972257807e+01
-8.426969709267146413e+01,-8.748276797771856650e+01,-8.843805773270503323e+01,-7.671312293340494648e+01,-8.325432163767641214e+01
-8.426977161782374992e+01,-8.534714896969391873e+01,-8.741504388222094235e+01,-7.470770966381570588e+01,-8.173989251645917875e+01
-8.452843531855653225e+01,-8.444312962837595649e+01,-8.690781844341307760e+01,-7.645405134837504590e+01,-7.835772783472090453e+01
-8.516021312064785320e+01,-8.137503777272546301e+01,-8.491388729479233177e+01,-7.797889013406762615e+01,-7.637144859360419957e+01
-8.927229038403289962e+01,-8.092365267313269328e+01,-8.515143678333588184e+01,-8.182117916820699577e+01,-7.931588902477635372e+01
-8.799759413067393155e+01,-7.816184582867856534e+01,-8.281453727611570059e+01,-8.402055328803187706e+01,-7.621697316756937823e+01
-8.839909586075513914e+01,-7.425660181719142372e+01,-8.318543265043288670e+01,-8.552468544660209204e+01,-7.844353502884014517e+01
-8.808649558912590294e+01,-7.297731420850452366e+01,-8.370476251904550224e+01,-8.628340209962968288e+01,-8.202022026819730627e+01
-8.861358885233870808e+01,-7.128911887020076676e+01,-8.097163611236868519e+01,-8.789297832023288493e+01,-8.113755685335991075e+01
-9.169208091795326254e+01,-7.282732477173489372e+01,-8.581063223013312324e+01,-8.972400475968632350e+01,-8.609481154350311272e+01
-9.275428706393299194e+01,-7.642390034565295309e+01,-8.550065471324536759e+01,-9.178290135460402155e+01,-8.593710426005227987e+01
-9.186025444775562221e+01,-7.764420364091007798e+01,-8.614846797715826199e+01,-9.163322753449509150e+01,-8.583042116323524340e+01
-9.429171876654571349e+01,-7.992457742094077844e+01,-8.655361745398801077e+01,-9.157916215481952804e+01,-8.811033920269592556e+01
-8.944074507200940616e+01,-9.331266881091370635e+01,-9.473012716049110793e+01,-8.846371979688279907e+01,-9.224478154505710847e+01
-8.894989237478533539e+01,-9.251676236325533864e+01,-9.539129872036329516e+01,-8.491909335561777539e+01,-8.850852332512631904e+01
-8.639683136995175516e+01,-9.348719413980849424e+01,-9.407308386806960243e+01,-8.093936219730888126e+01,-9.013923903623729927e+01
-8.407874478100158910e+01,-9.360577093012635430e+01,-9.265268964767297177e+01,-8.048359649441916019e+01,-8.824487976649669463e+01
-8.622326440949358073e+01,-9.028776519361167630e+01,-9.119732144579249677e+01,-7.820906925202665150e+01,-8.946660368807434338e+01
-8.437894058843588141e+01,-8.962475958282483646e+01,-9.129517846162123362e+01,-7.368590302798008906e+01,-8.622884845382803576e+01
-8.538079638329642762e+01,-8.923863068640986285e+01,-9.079034110661994816e+01,-7.222001568679648642e+01,-8.660342464984557864e+01
-8.448558922335544707e+01,-8.679709341675776102e+01,-8.865891298334811665e+01,-7.070596996949606705e+01,-8.515309115427234588e+01
-8.686584871489520765e+01,-8.481332459321596673e+01,-8.769359667132643210e+01,-7.281457492403150411e+01,-8.116102632746334677e+01
-8.786915648848467697e+01,-8.295674002756632603e+01,-8.814727150855392779e+01,-7.561660057429527626e+01,-8.235451842327886141e+01
-8.610006958766939533e+01,-8.111519486497604703e+01,-8.544739164737376313e+01,-7.877441395716354577e+01,-8.118814564335681894e+01
-8.727166729711566973e+01,-7.752146071384738946e+01,-8.504761063730092019e+01,-7.980867781704873209e+01,-8.146818411000467108e+01
-8.935141864407589196e+01,-7.545906199515916057e+01,-8.444735484650627200e+01,-8.191170033339724910e+01,-7.909083652448701685e+01
-9.064111048587400887e+01,-7.146188232214495883e+01,-8.302234108484999808e+01,-8.441468417828087922e+01,-8.204491527452164235e+01
-9.039855977001705867e+01,-6.806808558363222517e+01,-8.625605117183650350e+01,-8.414376747161264802e+01,-8.181091549439449295e+01
-9.177614593347969674e+01,-6.390409730119895215e+01,-8.518833082286191427e+01,-8.733566220673705516e+01,-8.295231170220529293e+01
-9.172089868152728798e+01,-6.621800747003941012e+01,-8.518285637366116703e+01,-8.803149570853419448e+01,-8.625486717984672680e+01
-9.362660700508236289e+01,-7.537384915705418109e+01,-8.688263956985765901e+01,-8.986214447368293179e+01,-8.812444059335534519e+01
-9.427371735390664753e+01,-7.647613640906787680e+01,-8.801891063231387591e+01,-8.977085113231227353e+01,-8.859774186946499697e+01
-9.298090531997024755e+01,-7.963902829577394016e+01,-8.703134650419364959e+01,-9.193599551569337791e+01,-8.874418928345087920e+01
-8.968547501043653369e+01,-9.394847090139558077e+01,-9.548409747404167547e+01,-8.625814185486063934e+01,-9.236880361223107627e+01
-8.969588401334362970e+01,-9.419968933391517396e+01,-9.585993636945643459e+01,-8.317427574062055839e+01,-9.252055215218665296e+01
-8.970449627178984997e+01,-9.160423708222403150e+01,-9.450681079012386476e+01,-8.045815777252103373e+01,-9.115322669444552162e+01
-8.727265516992252969e+01,-9.262536944400811478e+01,-9.367845274235682496e+01,-7.872843545612687421e+01,-8.793779948814729153e+01
-8.707985977762325547e+01,-9.137473319328083221e+01,-9.220148634876927929e+01,-7.543271967460735539e+01,-8.835790905615246515e+01
-8.810221085145082043e+01,-9.010429109696181627e+01,-9.391238340137962837e+01,-7.167223428538835606e+01,-8.861164877295524889e+01
-8.831335053078642261e+01,-8.660516630169179564e+01,-9.164677179716632338e+01,-6.596257320331496032e+01,-8.636285931816394168e+01
-8.666922291238238074e+01,-8.716316815103436966e+01,-8.880215581197454355e+01,-6.529277893643296693e+01,-8.542282210792062358e+01
-8.618990894722116991e+01,-8.519427180428786528e+01,-8.984611095649597701e+01,-6.665285859765738508e+01,-8.353820622280251484e+01
-8.737689379776323051e+01,-8.387566536728431288e+01,-9.052023394396339029e+01,-7.259762629738658291e+01,-8.345267092331208403e+01
-8.643822315182761429e+01,-8.140622355041007552e+01,-8.635978369597667381e+01,-7.404481930269537315e+01,-8.155025032650519279e+01
-8.845233408433040267e+01,-7.907481573269573971e+01,-8.913067983016497919e+01,-7.938495045679640327e+01,-8.397440266083793858e+01
-8.956574883368159590e+01,-7.611311194943840519e+01,-8.604086145241902273e+01,-8.138733261102629513e+01,-8.241261735360146190e+01
-8.888300692374515677e+01,-6.978584094757917455e+01,-8.978759226146665640e+01,-8.317655944045496597e+01,-8.264913375511780202e+01
-9.239949106740526474e+01,-6.409889892948510237e+01,-8.794758845328945540e+01,-8.609071188568275090e+01,-8.445454254129840876e+01
-9.038357717234380573e+01,-5.051305585731726921e+01,-8.661177030776602237e+01,-8.755877175804096169e+01,-8.666833225796479212e+01
-9.256899810058328626e+01,-6.389571121016082600e+01,-8.851363432996062386e+01,-8.734084258339187556e+01,-8.590288861459892189e+01
-9.422943550085784636e+01,-7.125019900754445246e+01,-8.775070801763965278e+01,-9.120947670620236636e+01,-8.650354757185837684e+01
-9.533875002419715372e+01,-7.514350644183693362e+01,-8.947827857295804677e+01,-9.017592057131672334e+01,-8.724579575679669574e+01
-9.678041129152359190e+01,-7.769953088896912163e+01,-8.883804322074422544e+01,-9.096250992819828696e+01,-8.895841508026190070e+01
-8.904487073390680507e+01,-9.589321782002770078e+01,-9.507591783038601818e+01,-8.518205664033493463e+01,-9.214730041882327782e+01
-8.988161842823615189e+01,-9.456933660983601442e+01,-9.610518236085353294e+01,-8.398168821413950980e+01,-9.312071230701981506e+01
-8.933023448240130904e+01,-9.193615156589467574e+01,-9.389870311286180993e+01,-8.013632924484463160e+01,-9.224063888682549361e+01
-8.882335730437088728e+01,-9.280662151191818054e+01,-9.581090320374812563e+01,-7.915774430776414761e+01,-8.914099247081524879e+01
-8.888032121194525814e+01,-8.956882118999936893e+01,-9.377294158231367760e+01,-7.267974264651059002e+01,-8.898340298700426843e+01
-8.735901957104817939e+01,-9.154650546241138898e+01,-9.188496697429820870e+01,-7.082392973442026118e+01,-8.864677961976363463e+01
-8.781058989421653393e+01,-8.779820446722629868e+01,-9.156851522668063126e+01,-6.395789092223299832e+01,-8.836946031920028588e+01
-8.699111188587185950e+01,-8.757546613846415084e+01,-9.159847011247275361e+01,-5.148032966795073406e+01,-8.664103743213293285e+01
-8.937199016460088785e+01,-8.522364256595545839e+01,-8.752701375706377007e+01,-6.239500561367314191e+01,-8.671578186819446898e+01
-8.896336456777483193e+01,-8.320208272038722441e+01,-9.017438932263732454e+01,-6.965554414359331759e+01,-8.561828084605147637e+01
-8.911806491314885648e+01,-8.233011866008924073e+01,-8.961998437014244701e+01,-7.720150336603654750e+01,-8.548421169764345962e+01
-9.153095646535760466e+01,-7.873280730455802257e+01,-8.905835319414426010e+01,-8.147838856942101415e+01,-8.447795597117642785e+01
-9.120304237404667447e+01,-7.750380395494259744e+01,-8.766532816304511755e+01,-7.969332042739014810e+01,-8.569470442627614659e+01
-9.048908922384968889e+01,-7.180364072581126322e+01,-8.758057665838737194e+01,-8.128375593146064659e+01,-8.661406736381805160e+01
-9.207759507720506065e+01,-6.904737918934131358e+01,-8.981573077419082551e+01,-8.563727951482105993e+01,-8.658154680375989187e+01
-9.330925612828380622e+01,-6.417816241961662627e+01,-8.762802043671763386e+01,-8.634773741192307739e+01,-8.636415763580785665e+01
-9.315061200591340196e+01,-6.749202137077752184e+01,-8.837544550231204710e+01,-8.812026341638794236e+01,-8.608661099599493127e+01
-9.361929334741634534e+01,-7.237508168151151722e+01,-8.868788784649026979e+01,-8.849099895992891618e+01,-8.846376877346843060e+01
-9.675489617120118169e+01,-7.557955348927538353e+01,-8.968206531273700932e+01,-8.981194936684538277e+01,-8.998367411974044217e+01
-9.636891894577510698e+01,-7.854234283864414579e+01,-9.074995404650150022e+01,-9.143433541242708884e+01,-8.954658549044889071e+01
-9.157312570512875993e+01,-9.422725082582192613e+01,-9.725083327270122879e+01,-8.480343569931565639e+01,-9.398933353004868252e+01
-9.129024301283325826e+01,-9.445236668810228764e+01,-9.549630543649669789e+01,-8.388850682564931560e+01,-9.177393023224389879e+01
-9.067413479691427369e+01,-9.297557891923057127e+01,-9.452053772512675778e+01,-8.084396637544351449e+01,-9.098496919850191489e+01
-9.069190016186590242e+01,-9.194018189472835445e+01,-9.584412433673422527e+01,-7.880844058787374706e+01,-9.084425346552330893e+01
-9.093674013270531020e+01,-9.222280628918993273e+01,-9.381854308857352009e+01,-7.549644533138970814e+01,-8.937904600145060385e+01
-8.946977924772762947e+01,-8.891252047073386677e+01,-9.251766037357050720e+01,-7.185994609239482145e+01,-8.955639158144801115e+01
-8.769489081117245632e+01,-8.945947444205125976e+01,-9.243083263765831248e+01,-6.742578738067416566e+01,-9.065250248337116545e+01
-9.097997130876098026e+01,-8.793772713370940153e+01,-9.149680475943421243e+01,-6.469885347678709309e+01,-8.903033192435536591e+01
-9.051020887178748353e+01,-8.423270471253516689e+01,-9.139668673512237262e+01,-6.739894842088000360e+01,-8.880029971985509007e+01
-8.971910161949809037e+01,-8.356755425904982815e+01,-9.075660264835026680e+01,-7.223684693039251670e+01,-8.864898587880888670e+01
-8.990225578546950658e+01,-8.124106521538450920e+01,-9.011962733971869000e+01,-7.607332093260332329e+01,-8.542182521589613486e+01
-9.100568035649855858e+01,-8.144505997550535881e+01,-9.015754364033338675e+01,-7.781772521921500640e+01,-8.716858988986820123e+01
-9.338563121210930262e+01,-7.683903195563401312e+01,-8.878281213235311498e+01,-8.213261815440134228e+01,-8.698916620389155696e+01
-9.239270093405230000e+01,-7.493667503917147599e+01,-8.943108417739168203e+01,-8.475280421752154325e+01,-8.736939238883381620e+01
-9.306647364294801150e+01,-7.074870059312652870e+01,-8.944706862308323991e+01,-8.504552272646644440e+01,-8.831882873048559190e+01
-9.549968729428093184e+01,-7.106834034711161507e+01,-9.019676198837471759e+01,-8.763466333053303003e+01,-8.868411099879033088e+01
-9.413771839962178944e+01,-7.333782668500920465e+01,-8.968908655819933529e+01,-8.834136127754301526e+01,-8.900141192799048895e+01
-9.630506910946189691e+01,-7.511366974312443290e+01,-8.867297420340744907e+01,-9.039079349012378373e+01,-8.698883759968852303e+01
-9.545435096846770762e+01,-7.721002092872721789e+01,-9.085530727741313228e+01,-9.090491736307819792e+01,-9.111763997125947867e+01
-9.679378687455076147e+01,-8.048056737754839673e+01,-9.275889977303268097e+01,-9.066372125021528916e+01,-9.077749680618103412e+01
-9.258015059563791738e+01,-9.409803021397459588e+01,-9.632564591600558401e+01,-8.664598086969404278e+01,-9.423006143139072321e+01
-9.096469274704327290e+01,-9.441119102704399779e+01,-9.628036462796249850e+01,-8.428883954332822270e+01,-9.334390672901368191e+01
-9.126847855201515358e+01,-9.255251892900945165e+01,-9.612831416306725885e+01,-8.237555182534883613e+01,-9.151376191902393487e+01
-9.196375740070457994e+01,-9.228669375493203120e+01,-9.476740592069644720e+01,-7.888291920834252835e+01,-9.307103646790987739e+01
-9.135079228477046343e+01,-9.168438533530357404e+01,-9.617501045104954471e+01,-7.791058826181205177e+01,-9.109118422930738745e+01
-9.199395938666872041e+01,-9.127194895293912680e+01,-9.413207772087672254e+01,-7.488610168858133420e+01,-9.003454144075443821e+01
-9.156506949635715387e+01,-8.826712737967804401e+01,-9.471334443168709072e+01,-7.367639143499188492e+01,-8.933679986078197999e+01
-9.263908321315868477e+01,-8.811379242743460338e+01,-9.265786185179312895e+01,-7.058524627328540646e+01,-8.833235031274421090e+01
-8.940365171142188672e+01,-8.672319805135346371e+01,-9.285010293013466764e+01,-7.150509579490821466e+01,-8.979865042010057152e+01
-9.134150103720617153e+01,-8.344769753544542823e+01,-9.105713816869437949e+01,-7.467156614346410493e+01,-8.846533881181309766e+01
-9.094085625533976724e+01,-8.271257966118341187e+01,-9.036811096668746757e+01,-7.619503792213933480e+01,-9.039262754180539616e+01
-9.205860128420123090e+01,-8.092566452449854353e+01,-9.120189883706291312e+01,-8.135150643225240685e+01,-8.864229063530511610e+01
-9.204560663457442615e+01,-8.075608936231839152e+01,-9.250418681424372380e+01,-8.402800746721847247e+01,-8.902538971964085590e+01
-9.527613671200242607e+01,-7.813913099935395223e+01,-9.022076263687483788e+01,-8.403242575072546572e+01,-9.167327570015429217e+01
-9.232226019519427496e+01,-7.492059661785829405e+01,-9.039099912849614782e+01,-8.630737485502770312e+01,-9.007749344221917909e+01
-9.416347781164778041e+01,-7.407412137477166425e+01,-9.135576118598780226e+01,-8.747739602707568451e+01,-8.993897199064302583e+01
-9.343547532977568437e+01,-7.624618895079338188e+01,-8.805989623036371938e+01,-8.883552076437457856e+01,-8.915699861882379196e+01
-9.578813641847445126e+01,-7.639746258326337625e+01,-9.135197287271316213e+01,-8.927587850193623353e+01,-8.956794613988682840e+01
-9.586803053773174099e+01,-7.866232317665577511e+01,-9.167727416539177909e+01,-9.114315362279317867e+01,-9.061278538455592013e+01
-9.815637071602974117e+01,-8.168207042179751909e+01,-9.349417857747008043e+01,-9.184357542728720603e+01,-9.350565176034947967e+01
-9.367428745080036379e+01,-9.417022233875735537e+01,-9.684577485420574305e+01,-8.672031209700524812e+01,-9.536951778953785208e+01
-9.214521778381214290e+01,-9.534614394474129995e+01,-9.701496712697660030e+01,-8.466885081913738986e+01,-9.376705299821011863e+01
-9.249058572230654818e+01,-9.509404111019463812e+01,-9.465360213802095757e+01,-8.379338212266863195e+01,-9.290625191028051688e+01
-8.926479045069940810e+01,-9.276012260065176918e+01,-9.517173550578155528e+01,-8.027705357885908199e+01,-9.255943783472493180e+01
-9.046690132027390518e+01,-9.118957849601532928e+01,-9.480528288009470828e+01,-7.909259331809595039e+01,-9.311196658452757902e+01
-9.204072899131033125e+01,-9.029381105522291762e+01,-9.584638916516074403e+01,-7.504375114991078988e+01,-9.059053640980633304e+01
-9.402261372917466531e+01,-9.062417348052481714e+01,-9.618536013228373349e+01,-7.611347781011242830e+01,-9.101537759627025537e+01
-9.084979024872434650e+01,-8.794632307554101658e+01,-9.494893031404167516e+01,-7.687841540584926747e+01,-9.152514387891754666e+01
-9.247860234561574089e+01,-8.745591642190738924e+01,-9.494273669083001721e+01,-7.476785215287169706e+01,-9.236596980987606287e+01
-9.416125366205278624e+01,-8.458426086538179334e+01,-9.266887818024032697e+01,-7.842146910411243255e+01,-8.860220813864634692e+01
-9.199601248135498111e+01,-8.516216546079469651e+01,-9.157190503618514299e+01,-7.844537619682098750e+01,-8.934567716442784047e+01
-9.189317358345851972e+01,-8.258189679629782631e+01,-9.208142052868306848e+01,-7.972136785469120923e+01,-8.738389478636163687e+01
-9.462768228013892724e+01,-8.156542086897880495e+01,-9.175912043274144025e+01,-8.496463395257475781e+01,-8.896120241544282692e+01
-9.287292744532828692e+01,-7.918467643520156685e+01,-9.093001580451532107e+01,-8.361000644933218950e+01,-9.008908274334234534e+01
-9.349442173975079129e+01,-7.835780788358471227e+01,-9.043794794967814710e+01,-8.636134345058259498e+01,-8.962746957703346595e+01
-9.525561504786166722e+01,-8.047864383096668917e+01,-9.165019066289289640e+01,-8.856944809483420045e+01,-8.994900080414420529e+01
-9.404743327318324475e+01,-7.905893993141935994e+01,-9.185744946902144648e+01,-8.851779283077948435e+01,-9.053689134636090330e+01
-9.593814475072802850e+01,-8.089883848133244726e+01,-9.366210395063458805e+01,-9.009158421808704986e+01,-9.082416644444968767e+01
-9.637522420154304825e+01,-8.131762885722937995e+01,-9.234285010018346895e+01,-9.085183298531873675e+01,-9.086943963791729573e+01
-9.636827189059829379e+01,-8.248051082098403697e+01,-9.088708518825131932e+01,-9.402719962025810219e+01,-9.172233430752329753e+01
-9.297212919528507769e+01,-9.607432932331039410e+01,-9.669467803344009837e+01,-8.620616210733693663e+01,-9.613621369831899699e+01
-9.445037829724489598e+01,-9.586154973638360843e+01,-9.799942678933022933e+01,-8.654627131141029395e+01,-9.386333458073121960e+01
-9.488706996246273206e+01,-9.457147504336761301e+01,-9.740660492603824139e+01,-8.456090910948623218e+01,-9.412800419969232735e+01
-9.307131475023682299e+01,-9.141870282664781655e+01,-9.567901400962821867e+01,-8.076636011186226938e+01,-9.339024858134752094e+01
-9.326401432664563629e+01,-9.169790894431285722e+01,-9.618440552144068079e+01,-8.119183437266173087e+01,-9.392493119212169006e+01
-9.362426343469105916e+01,-9.027664381681093175e+01,-9.497057311622654652e+01,-8.052890215160050502e+01,-9.305432944785896154e+01
-9.285734509205835252e+01,-9.151096343061648497e+01,-9.554819421151216829e+01,-7.788590450035852086e+01,-9.197919903677751563e+01
-9.256946952581981236e+01,-9.007341861444230346e+01,-9.367695757455396688e+01,-7.822049987952198080e+01,-9.177565825866119553e+01
-9.387479357536282976e+01,-8.770839969868320907e+01,-9.382021608257524292e+01,-7.914265262681620072e+01,-9.125216070573000593e+01
-9.238593426151612675e+01,-8.800517766587682900e+01,-9.459913461989040684e+01,-8.023482296064509001e+01,-9.009469731337188136e+01
-9.432964207302096327e+01,-8.562094141960845661e+01,-9.370385244534926983e+01,-7.986814310837114306e+01,-9.206104375211343438e+01
-9.496718975899167958e+01,-8.544257286886703184e+01,-9.445800768612706122e+01,-8.245933915811268378e+01,-9.205959419927229703e+01
-9.423213271689104431e+01,-8.228561814749299685e+01,-9.206582080832409076e+01,-8.380623325420032188e+01,-9.218047879629537533e+01
-9.375936010527192366e+01,-8.212711817929869085e+01,-9.231794925521238326e+01,-8.514434222271263764e+01,-8.939106254830731757e+01
-9.370328708587086908e+01,-8.158319541919719597e+01,-9.156223704154272980e+01,-8.804057998696416121e+01,-9.131916666686150563e+01
-9.472375323946259584e+01,-8.205077222127040670e+01,-9.178136738292269570e+01,-8.692844819543797996e+01,-9.195328260903228568e+01
-9.823816494295672896e+01,-8.114993419741550440e+01,-9.382108467543098129e+01,-8.919158786460985766e+01,-9.430183499617558596e+01
-9.587487025765011595e+01,-8.379312496336375204e+01,-9.286764295884201204e+01,-8.987230083521374979e+01,-9.438697174306118143e+01
-9.649823650703149269e+01,-8.264332847411125726e+01,-9.216441844761803281e+01,-9.218319502760920159e+01,-9.248069170739964306e+01
-9.756027374859395707e+01,-8.323026663063835429e+01,-9.339624895459984089e+01,-9.246809668215772149e+01,-9.344257992245073297e+01
